"frequency";"r dBS21";"i dBS21"
1;-1.25363e-14;0
1.00955;-1.35006e-14;0
1.0192;-1.35006e-14;0
1.02894;-1.35006e-14;0
1.03877;-1.54292e-14;0
1.04869;-1.54292e-14;0
1.05871;-1.54292e-14;0
1.06883;-1.06076e-14;0
1.07904;-1.54292e-14;0
1.08935;-1.54292e-14;0
1.09976;-1.73579e-14;0
1.11027;-1.54292e-14;0
1.12087;-1.15719e-14;0
1.13158;-1.15719e-14;0
1.14239;-1.15719e-14;0
1.15331;-9.64327e-15;0
1.16433;-1.35006e-14;0
1.17545;-1.25363e-14;0
1.18668;-1.54292e-14;0
1.19802;-1.73579e-14;0
1.20947;-1.73579e-14;0
1.22102;-1.54292e-14;0
1.23269;-2.02509e-14;0
1.24447;-1.63936e-14;0
1.25636;-2.12152e-14;0
1.26836;-1.83222e-14;0
1.28048;-2.31439e-14;0
1.29271;-1.73579e-14;0
1.30506;-2.12152e-14;0
1.31753;-1.83222e-14;0
1.33012;-2.12152e-14;0
1.34283;-1.92865e-14;0
1.35566;-2.12152e-14;0
1.36861;-2.12152e-14;0
1.38169;-1.92865e-14;0
1.39489;-2.12152e-14;0
1.40822;-2.31439e-14;0
1.42167;-2.12152e-14;0
1.43525;-2.12152e-14;0
1.44897;-1.92865e-14;0
1.46281;-2.41082e-14;0
1.47679;-1.83222e-14;0
1.4909;-2.31439e-14;0
1.50514;-2.21795e-14;0
1.51952;-2.50725e-14;0
1.53404;-2.41082e-14;0
1.5487;-2.31439e-14;0
1.56349;-2.12152e-14;0
1.57843;-3.08585e-14;0
1.59351;-2.21795e-14;0
1.60874;-2.98942e-14;0
1.62411;-2.70012e-14;0
1.63962;-3.27871e-14;0
1.65529;-2.89298e-14;0
1.67111;-3.47158e-14;0
1.68707;-2.50725e-14;0
1.70319;-3.27871e-14;0
1.71946;-3.08585e-14;0
1.73589;-3.27871e-14;0
1.75248;-2.70012e-14;0
1.76922;-3.56801e-14;0
1.78612;-2.89298e-14;0
1.80319;-3.08585e-14;0
1.82042;-3.85731e-14;0
1.83781;-3.08585e-14;0
1.85537;-3.66444e-14;0
1.8731;-3.95374e-14;0
1.89099;-3.66444e-14;0
1.90906;-3.66444e-14;0
1.9273;-3.47158e-14;0
1.94571;-3.76088e-14;0
1.9643;-4.05018e-14;0
1.98307;-3.85731e-14;0
2.00202;-3.85731e-14;0
2.02115;-4.05018e-14;0
2.04046;-3.85731e-14;0
2.05995;-3.66444e-14;0
2.07963;-4.14661e-14;0
2.0995;-4.62877e-14;0
2.11956;-4.43591e-14;0
2.13981;-4.33947e-14;0
2.16026;-4.43591e-14;0
2.1809;-4.62877e-14;0
2.20174;-5.0145e-14;0
2.22277;-5.20737e-14;0
2.24401;-5.20737e-14;0
2.26545;-5.0145e-14;0
2.28709;-5.40023e-14;0
2.30895;-5.3038e-14;0
2.33101;-5.5931e-14;0
2.35328;-5.5931e-14;0
2.37576;-5.68953e-14;0
2.39846;-5.5931e-14;0
2.42138;-5.40023e-14;0
2.44451;-5.5931e-14;0
2.46787;-5.78596e-14;0
2.49145;-6.36456e-14;0
2.51525;-6.26813e-14;0
2.53928;-6.36456e-14;0
2.56354;-5.78596e-14;0
2.58803;-5.97883e-14;0
2.61276;-5.8824e-14;0
2.63772;-6.55743e-14;0
2.66293;-6.75029e-14;0
2.68837;-6.84673e-14;0
2.71405;-6.94316e-14;0
2.73999;-7.13602e-14;0
2.76616;-7.32889e-14;0
2.79259;-8.00392e-14;0
2.81927;-7.71462e-14;0
2.84621;-7.71462e-14;0
2.8734;-7.81105e-14;0
2.90086;-8.29322e-14;0
2.92857;-8.58251e-14;0
2.95655;-9.06468e-14;0
2.9848;-8.87181e-14;0
3.01332;-9.06468e-14;0
3.04211;-8.77538e-14;0
3.07118;-9.06468e-14;0
3.10052;-9.16111e-14;0
3.13014;-9.45041e-14;0
3.16005;-9.64327e-14;0
3.19024;-1.02219e-13;0
3.22072;-1.02219e-13;0
3.25149;-1.02219e-13;0
3.28256;-1.06076e-13;0
3.31392;-1.13791e-13;0
3.34558;-1.14755e-13;0
3.37755;-1.17648e-13;0
3.40982;-1.17648e-13;0
3.4424;-1.15719e-13;0
3.47529;-1.19577e-13;0
3.50849;-1.19577e-13;0
3.54201;-1.20541e-13;0
3.57586;-1.23434e-13;0
3.61002;-1.2922e-13;0
3.64451;-1.30184e-13;0
3.67933;-1.33077e-13;0
3.71449;-1.31149e-13;0
3.74998;-1.3597e-13;0
3.7858;-1.33077e-13;0
3.82198;-1.40792e-13;0
3.85849;-1.47542e-13;0
3.89536;-1.50435e-13;0
3.93257;-1.50435e-13;0
3.97015;-1.54292e-13;0
4.00808;-1.54292e-13;0
4.04637;-1.62007e-13;0
4.08503;-1.63936e-13;0
4.12406;-1.65864e-13;0
4.16347;-1.67793e-13;0
4.20325;-1.70686e-13;0
4.24341;-1.73579e-13;0
4.28395;-1.77436e-13;0
4.32488;-1.85151e-13;0
4.3662;-1.8708e-13;0
4.40792;-1.89008e-13;0
4.45003;-1.89973e-13;0
4.49255;-2.0058e-13;0
4.53547;-2.01544e-13;0
4.57881;-2.02509e-13;0
4.62255;-2.06366e-13;0
4.66672;-2.10223e-13;0
4.71131;-2.16009e-13;0
4.75632;-2.16974e-13;0
4.80176;-2.20831e-13;0
4.84764;-2.35296e-13;0
4.89396;-2.39153e-13;0
4.94071;-2.35296e-13;0
4.98792;-2.41082e-13;0
5.03558;-2.47832e-13;0
5.08369;-2.51689e-13;0
5.13226;-2.55547e-13;0
5.18129;-2.64226e-13;0
5.2308;-2.70012e-13;0
5.28078;-2.73869e-13;0
5.33123;-2.83512e-13;0
5.38217;-2.83512e-13;0
5.43359;-2.93156e-13;0
5.4855;-2.97013e-13;0
5.53791;-2.98942e-13;0
5.59083;-3.03763e-13;0
5.64424;-3.09549e-13;0
5.69817;-3.12442e-13;0
5.75261;-3.25943e-13;0
5.80757;-3.298e-13;0
5.86306;-3.35586e-13;0
5.91908;-3.39443e-13;0
5.97563;-3.43301e-13;0
6.03272;-3.54873e-13;0
6.09036;-3.60658e-13;0
6.14855;-3.69337e-13;0
6.2073;-3.81874e-13;0
6.2666;-3.80909e-13;0
6.32648;-3.79945e-13;0
6.38692;-3.95374e-13;0
6.44795;-4.04053e-13;0
6.50955;-4.14661e-13;0
6.57175;-4.20447e-13;0
6.63454;-4.33947e-13;0
6.69792;-4.32019e-13;0
6.76192;-4.47448e-13;0
6.82652;-4.53234e-13;0
6.89175;-4.60949e-13;0
6.95759;-4.7252e-13;0
7.02407;-4.80235e-13;0
7.09118;-4.8795e-13;0
7.15893;-4.96629e-13;0
7.22733;-5.08201e-13;0
7.29638;-5.17844e-13;0
7.36609;-5.26523e-13;0
7.43647;-5.38095e-13;0
7.50752;-5.45809e-13;0
7.57925;-5.53524e-13;0
7.65167;-5.67025e-13;0
7.72477;-5.82454e-13;0
7.79858;-5.93061e-13;0
7.87309;-6.03669e-13;0
7.94831;-6.12348e-13;0
8.02425;-6.2392e-13;0
8.10092;-6.38385e-13;0
8.17832;-6.51885e-13;0
8.25646;-6.73101e-13;0
8.33534;-6.75029e-13;0
8.41498;-6.86601e-13;0
8.49538;-7.0203e-13;0
8.57655;-7.11674e-13;0
8.65849;-7.29032e-13;0
8.74122;-7.45425e-13;0
8.82473;-7.57961e-13;0
8.90905;-7.78212e-13;0
8.99417;-7.83034e-13;0
9.0801;-7.98463e-13;0
9.16685;-8.18714e-13;0
9.25444;-8.33179e-13;0
9.34286;-8.49572e-13;0
9.43212;-8.70788e-13;0
9.52224;-8.85253e-13;0
9.61322;-8.94896e-13;0
9.70507;-9.11289e-13;0
9.79779;-9.37326e-13;0
9.8914;-9.48898e-13;0
9.98591;-9.6722e-13;0
10.0813;-9.92293e-13;0
10.1776;-1.00772e-12;0
10.2749;-1.02412e-12;0
10.3731;-1.03762e-12;0
10.4722;-1.06269e-12;0
10.5722;-1.08583e-12;0
10.6732;-1.11187e-12;0
10.7752;-1.12633e-12;0
10.8781;-1.14659e-12;0
10.9821;-1.17359e-12;0
11.087;-1.19577e-12;0
11.1929;-1.21891e-12;0
11.2999;-1.23434e-12;0
11.4078;-1.26327e-12;0
11.5168;-1.28545e-12;0
11.6269;-1.30763e-12;0
11.738;-1.33945e-12;0
11.8501;-1.35777e-12;0
11.9633;-1.39442e-12;0
12.0776;-1.41853e-12;0
12.193;-1.44263e-12;0
12.3095;-1.47349e-12;0
12.4271;-1.50435e-12;0
12.5459;-1.53039e-12;0
12.6657;-1.55642e-12;0
12.7867;-1.595e-12;0
12.9089;-1.62103e-12;0
13.0322;-1.64707e-12;0
13.1568;-1.67889e-12;0
13.2825;-1.70975e-12;0
13.4094;-1.75315e-12;0
13.5375;-1.77436e-12;0
13.6668;-1.81486e-12;0
13.7974;-1.84572e-12;0
13.9292;-1.87658e-12;0
14.0623;-1.91901e-12;0
14.1967;-1.95662e-12;0
14.3323;-1.99423e-12;0
14.4692;-2.03666e-12;0
14.6075;-2.07523e-12;0
14.7471;-2.10898e-12;0
14.888;-2.16009e-12;0
15.0302;-2.19288e-12;0
15.1738;-2.24303e-12;0
15.3188;-2.27774e-12;0
15.4651;-2.32499e-12;0
15.6129;-2.37321e-12;0
15.7621;-2.41275e-12;0
15.9127;-2.45904e-12;0
16.0647;-2.50147e-12;0
16.2182;-2.55933e-12;0
16.3731;-2.60368e-12;0
16.5296;-2.65576e-12;0
16.6875;-2.7059e-12;0
16.8469;-2.75798e-12;0
17.0079;-2.80716e-12;0
17.1704;-2.86309e-12;0
17.3345;-2.91613e-12;0
17.5001;-2.97784e-12;0
17.6673;-3.02992e-12;0
17.8361;-3.08874e-12;0
18.0065;-3.1466e-12;0
18.1785;-3.21025e-12;0
18.3522;-3.27196e-12;0
18.5276;-3.33079e-12;0
18.7046;-3.39636e-12;0
18.8833;-3.46483e-12;0
19.0637;-3.5304e-12;0
19.2458;-3.59501e-12;0
19.4297;-3.66637e-12;0
19.6154;-3.73291e-12;0
19.8028;-3.8062e-12;0
19.992;-3.88431e-12;0
20.183;-3.95374e-12;0
20.3758;-4.03378e-12;0
20.5705;-4.11189e-12;0
20.767;-4.18711e-12;0
20.9655;-4.26811e-12;0
21.1658;-4.35201e-12;0
21.368;-4.43398e-12;0
21.5722;-4.51691e-12;0
21.7783;-4.60177e-12;0
21.9863;-4.69627e-12;0
22.1964;-4.78306e-12;0
22.4085;-4.87564e-12;0
22.6226;-4.97207e-12;0
22.8387;-5.06079e-12;0
23.0569;-5.15819e-12;0
23.2772;-5.26041e-12;0
23.4996;-5.36166e-12;0
23.7241;-5.46002e-12;0
23.9508;-5.57574e-12;0
24.1796;-5.68182e-12;0
24.4107;-5.78404e-12;0
24.6439;-5.89783e-12;0
24.8793;-6.01355e-12;0
25.1171;-6.12541e-12;0
25.357;-6.24209e-12;0
25.5993;-6.36553e-12;0
25.8439;-6.48896e-12;0
26.0908;-6.61046e-12;0
26.3401;-6.73872e-12;0
26.5917;-6.86601e-12;0
26.8458;-6.99909e-12;0
27.1023;-7.1312e-12;0
27.3613;-7.26524e-12;0
27.6227;-7.40603e-12;0
27.8866;-7.54876e-12;0
28.153;-7.69726e-12;0
28.422;-7.84384e-12;0
28.6936;-7.9962e-12;0
28.9677;-8.1505e-12;0
29.2445;-8.30479e-12;0
29.5239;-8.4668e-12;0
29.806;-8.62494e-12;0
30.0907;-8.7937e-12;0
30.3782;-8.96825e-12;0
30.6685;-9.13507e-12;0
30.9615;-9.30865e-12;0
31.2573;-9.4832e-12;0
31.556;-9.66835e-12;0
31.8575;-9.85446e-12;0
32.1618;-1.00435e-11;0
32.4691;-1.02354e-11;0
32.7793;-1.0434e-11;0
33.0925;-1.06317e-11;0
33.4087;-1.08352e-11;0
33.7279;-1.10473e-11;0
34.0502;-1.12595e-11;0
34.3755;-1.14716e-11;0
34.7039;-1.16896e-11;0
35.0355;-1.1921e-11;0
35.3702;-1.21476e-11;0
35.7082;-1.23781e-11;0
36.0493;-1.26163e-11;0
36.3938;-1.28564e-11;0
36.7415;-1.31091e-11;0
37.0925;-1.33598e-11;0
37.4469;-1.36124e-11;0
37.8047;-1.38786e-11;0
38.1659;-1.41428e-11;0
38.5306;-1.44186e-11;0
38.8987;-1.46906e-11;0
39.2703;-1.4975e-11;0
39.6455;-1.52663e-11;0
40.0243;-1.55527e-11;0
40.4067;-1.58535e-11;0
40.7928;-1.61534e-11;0
41.1825;-1.64649e-11;0
41.576;-1.67812e-11;0
41.9732;-1.70995e-11;0
42.3743;-1.74321e-11;0
42.7791;-1.77726e-11;0
43.1879;-1.8113e-11;0
43.6005;-1.84572e-11;0
44.0171;-1.88082e-11;0
44.4376;-1.91708e-11;0
44.8622;-1.95402e-11;0
45.2908;-1.99153e-11;0
45.7235;-2.02972e-11;0
46.1604;-2.06819e-11;0
46.6014;-2.10898e-11;0
47.0467;-2.14949e-11;0
47.4962;-2.19018e-11;0
47.95;-2.23223e-11;0
48.4081;-2.27504e-11;0
48.8706;-2.31873e-11;0
49.3375;-2.36318e-11;0
49.8089;-2.4085e-11;0
50.2848;-2.45441e-11;0
50.7653;-2.50253e-11;0
51.2503;-2.55103e-11;0
51.7399;-2.59944e-11;0
52.2343;-2.64939e-11;0
52.7333;-2.70012e-11;0
53.2372;-2.75219e-11;0
53.7458;-2.80465e-11;0
54.2593;-2.85798e-11;0
54.7777;-2.91343e-11;0
55.3011;-2.96955e-11;0
55.8295;-3.02625e-11;0
56.3629;-3.0845e-11;0
56.9014;-3.14332e-11;0
57.4451;-3.20427e-11;0
57.9939;-3.26502e-11;0
58.548;-3.32867e-11;0
59.1074;-3.39212e-11;0
59.6721;-3.45615e-11;0
60.2422;-3.52327e-11;0
60.8178;-3.59135e-11;0
61.3989;-3.66001e-11;0
61.9855;-3.7304e-11;0
62.5778;-3.80186e-11;0
63.1756;-3.87505e-11;0
63.7792;-3.94979e-11;0
64.3886;-4.02587e-11;0
65.0038;-4.10263e-11;0
65.6249;-4.18142e-11;0
66.2519;-4.26156e-11;0
66.8849;-4.34333e-11;0
67.5239;-4.42675e-11;0
68.1691;-4.51151e-11;0
68.8204;-4.5984e-11;0
69.4779;-4.68682e-11;0
70.1417;-4.77641e-11;0
70.8119;-4.86889e-11;0
71.4884;-4.96185e-11;0
72.1715;-5.05722e-11;0
72.861;-5.15414e-11;0
73.5572;-5.25327e-11;0
74.2599;-5.35433e-11;0
74.9694;-5.45674e-11;0
75.6857;-5.56118e-11;0
76.4089;-5.6687e-11;0
77.1389;-5.77748e-11;0
77.8759;-5.88789e-11;0
78.62;-6.00101e-11;0
79.3711;-6.11557e-11;0
80.1295;-6.23389e-11;0
80.895;-6.35299e-11;0
81.6679;-6.47575e-11;0
82.4482;-6.59986e-11;0
83.236;-6.72686e-11;0
84.0312;-6.8556e-11;0
84.8341;-6.98723e-11;0
85.6446;-7.12194e-11;0
86.4629;-7.25743e-11;0
87.289;-7.39726e-11;0
88.123;-7.53959e-11;0
88.9649;-7.68395e-11;0
89.8149;-7.83188e-11;0
90.6731;-7.98193e-11;0
91.5394;-8.13565e-11;0
92.414;-8.29187e-11;0
93.2969;-8.4504e-11;0
94.1883;-8.61299e-11;0
95.0882;-8.77827e-11;0
95.9967;-8.94684e-11;0
96.9139;-9.11868e-11;0
97.8399;-9.294e-11;0
98.7747;-9.4724e-11;0
99.7184;-9.65369e-11;0
100.671;-9.83961e-11;0
101.633;-1.00286e-10;0
102.604;-1.02213e-10;0
103.584;-1.0417e-10;0
104.574;-1.06173e-10;0
105.573;-1.0821e-10;0
106.582;-1.10284e-10;0
107.6;-1.12404e-10;0
108.628;-1.14562e-10;0
109.666;-1.16765e-10;0
110.714;-1.19008e-10;0
111.772;-1.2129e-10;0
112.84;-1.23622e-10;0
113.918;-1.25989e-10;0
115.006;-1.28407e-10;0
116.105;-1.30879e-10;0
117.214;-1.33388e-10;0
118.334;-1.35948e-10;0
119.465;-1.38559e-10;0
120.606;-1.41222e-10;0
121.758;-1.43933e-10;0
122.922;-1.46697e-10;0
124.096;-1.49509e-10;0
125.282;-1.52387e-10;0
126.479;-1.55311e-10;0
127.687;-1.5829e-10;0
128.907;-1.61332e-10;0
130.139;-1.64422e-10;0
131.382;-1.67585e-10;0
132.638;-1.70804e-10;0
133.905;-1.74079e-10;0
135.184;-1.77425e-10;0
136.476;-1.80825e-10;0
137.78;-1.84293e-10;0
139.096;-1.87841e-10;0
140.425;-1.9145e-10;0
141.767;-1.95124e-10;0
143.121;-1.98872e-10;0
144.489;-2.02683e-10;0
145.869;-2.06573e-10;0
147.263;-2.10547e-10;0
148.67;-2.14589e-10;0
150.09;-2.18704e-10;0
151.524;-2.22904e-10;0
152.972;-2.27186e-10;0
154.434;-2.31549e-10;0
155.909;-2.35999e-10;0
157.399;-2.40524e-10;0
158.902;-2.45145e-10;0
160.421;-2.4985e-10;0
161.953;-2.54645e-10;0
163.501;-2.59531e-10;0
165.063;-2.64523e-10;0
166.64;-2.69598e-10;0
168.232;-2.74775e-10;0
169.839;-2.80054e-10;0
171.462;-2.85424e-10;0
173.1;-2.90903e-10;0
174.754;-2.96496e-10;0
176.424;-3.02186e-10;0
178.11;-3.07985e-10;0
179.811;-3.13895e-10;0
181.529;-3.19927e-10;0
183.264;-3.2607e-10;0
185.015;-3.3233e-10;0
186.782;-3.38712e-10;0
188.567;-3.45214e-10;0
190.368;-3.51839e-10;0
192.187;-3.58597e-10;0
194.024;-3.65483e-10;0
195.877;-3.72503e-10;0
197.749;-3.79657e-10;0
199.638;-3.86941e-10;0
201.546;-3.94368e-10;0
203.471;-4.01947e-10;0
205.415;-4.09661e-10;0
207.378;-4.17529e-10;0
209.359;-4.25541e-10;0
211.359;-4.33712e-10;0
213.379;-4.42038e-10;0
215.418;-4.50532e-10;0
217.476;-4.59176e-10;0
219.554;-4.67989e-10;0
221.651;-4.7698e-10;0
223.769;-4.86139e-10;0
225.907;-4.95474e-10;0
228.065;-5.04981e-10;0
230.244;-5.14675e-10;0
232.444;-5.24557e-10;0
234.665;-5.34632e-10;0
236.907;-5.44894e-10;0
239.171;-5.55362e-10;0
241.456;-5.6602e-10;0
243.763;-5.76894e-10;0
246.092;-5.87966e-10;0
248.443;-5.99252e-10;0
250.817;-6.1076e-10;0
253.213;-6.22484e-10;0
255.632;-6.34437e-10;0
258.075;-6.46616e-10;0
260.54;-6.59034e-10;0
263.03;-6.71692e-10;0
265.543;-6.84584e-10;0
268.08;-6.97729e-10;0
270.641;-7.11127e-10;0
273.227;-7.24778e-10;0
275.838;-7.3869e-10;0
278.473;-7.52872e-10;0
281.134;-7.67335e-10;0
283.82;-7.8206e-10;0
286.531;-7.9708e-10;0
289.269;-8.12386e-10;0
292.033;-8.27983e-10;0
294.823;-8.43882e-10;0
297.64;-8.60085e-10;0
300.484;-8.76595e-10;0
303.354;-8.93426e-10;0
306.253;-9.10582e-10;0
309.179;-9.28063e-10;0
312.133;-9.45886e-10;0
315.115;-9.64043e-10;0
318.126;-9.82547e-10;0
321.165;-1.00142e-09;0
324.234;-1.02064e-09;0
327.332;-1.04025e-09;0
330.459;-1.06021e-09;0
333.616;-1.08057e-09;0
336.804;-1.10132e-09;0
340.022;-1.12246e-09;0
343.27;-1.14401e-09;0
346.55;-1.16597e-09;0
349.861;-1.18837e-09;0
353.204;-1.21118e-09;0
356.579;-1.23443e-09;0
359.985;-1.25814e-09;0
363.425;-1.28229e-09;0
366.897;-1.30691e-09;0
370.403;-1.332e-09;0
373.942;-1.35758e-09;0
377.514;-1.38364e-09;0
381.121;-1.41021e-09;0
384.763;-1.43728e-09;0
388.439;-1.46488e-09;0
392.15;-1.49301e-09;0
395.897;-1.52167e-09;0
399.679;-1.55089e-09;0
403.498;-1.58067e-09;0
407.353;-1.61101e-09;0
411.245;-1.64195e-09;0
415.174;-1.67347e-09;0
419.141;-1.7056e-09;0
423.146;-1.73835e-09;0
427.189;-1.77173e-09;0
431.27;-1.80574e-09;0
435.391;-1.84041e-09;0
439.55;-1.87575e-09;0
443.75;-1.91176e-09;0
447.99;-1.94846e-09;0
452.27;-1.98588e-09;0
456.591;-2.02401e-09;0
460.954;-2.06287e-09;0
465.358;-2.10247e-09;0
469.804;-2.14284e-09;0
474.293;-2.18399e-09;0
478.824;-2.22592e-09;0
483.399;-2.26866e-09;0
488.018;-2.31222e-09;0
492.68;-2.35661e-09;0
497.387;-2.40185e-09;0
502.14;-2.44797e-09;0
506.937;-2.49497e-09;0
511.781;-2.54288e-09;0
516.67;-2.5917e-09;0
521.607;-2.64146e-09;0
526.591;-2.69217e-09;0
531.622;-2.74386e-09;0
536.701;-2.79655e-09;0
541.829;-2.85024e-09;0
547.006;-2.90497e-09;0
552.232;-2.96074e-09;0
557.508;-3.01759e-09;0
562.835;-3.07552e-09;0
568.212;-3.13458e-09;0
573.641;-3.19476e-09;0
579.122;-3.2561e-09;0
584.655;-3.31862e-09;0
590.241;-3.38233e-09;0
595.88;-3.44727e-09;0
601.574;-3.51346e-09;0
607.321;-3.58091e-09;0
613.124;-3.64967e-09;0
618.982;-3.71975e-09;0
624.896;-3.79117e-09;0
630.866;-3.86395e-09;0
636.894;-3.93814e-09;0
642.979;-4.01375e-09;0
649.122;-4.09082e-09;0
655.324;-4.16935e-09;0
661.585;-4.24942e-09;0
667.906;-4.33101e-09;0
674.288;-4.41416e-09;0
680.73;-4.49891e-09;0
687.234;-4.58528e-09;0
693.8;-4.67333e-09;0
700.429;-4.76305e-09;0
707.121;-4.85451e-09;0
713.877;-4.94771e-09;0
720.698;-5.04271e-09;0
727.584;-5.13952e-09;0
734.535;-5.2382e-09;0
741.553;-5.33878e-09;0
748.638;-5.44128e-09;0
755.791;-5.54575e-09;0
763.012;-5.65223e-09;0
770.302;-5.76075e-09;0
777.662;-5.87136e-09;0
785.092;-5.98409e-09;0
792.593;-6.09898e-09;0
800.166;-6.21608e-09;0
807.811;-6.33543e-09;0
815.529;-6.45707e-09;0
823.321;-6.58105e-09;0
831.187;-6.70741e-09;0
839.128;-6.83619e-09;0
847.146;-6.96744e-09;0
855.24;-7.10121e-09;0
863.411;-7.23756e-09;0
871.66;-7.37652e-09;0
879.988;-7.51815e-09;0
888.396;-7.66249e-09;0
896.884;-7.80962e-09;0
905.453;-7.95956e-09;0
914.104;-8.11239e-09;0
922.838;-8.26814e-09;0
931.655;-8.42689e-09;0
940.556;-8.58869e-09;0
949.543;-8.75359e-09;0
958.615;-8.92166e-09;0
967.774;-9.09296e-09;0
977.02;-9.26754e-09;0
986.355;-9.44548e-09;0
995.779;-9.62682e-09;0
1005.29;-9.81166e-09;0
1014.9;-1e-08;0
1024.59;-1.0192e-08;0
1034.38;-1.03877e-08;0
1044.27;-1.05872e-08;0
1054.24;-1.07904e-08;0
1064.32;-1.09976e-08;0
1074.49;-1.12088e-08;0
1084.75;-1.1424e-08;0
1095.12;-1.16433e-08;0
1105.58;-1.18669e-08;0
1116.14;-1.20947e-08;0
1126.81;-1.23269e-08;0
1137.57;-1.25636e-08;0
1148.44;-1.28048e-08;0
1159.41;-1.30507e-08;0
1170.49;-1.33013e-08;0
1181.67;-1.35566e-08;0
1192.96;-1.38169e-08;0
1204.36;-1.40822e-08;0
1215.87;-1.43526e-08;0
1227.49;-1.46282e-08;0
1239.21;-1.4909e-08;0
1251.05;-1.51953e-08;0
1263.01;-1.5487e-08;0
1275.07;-1.57844e-08;0
1287.26;-1.60874e-08;0
1299.55;-1.63963e-08;0
1311.97;-1.67111e-08;0
1324.51;-1.7032e-08;0
1337.16;-1.7359e-08;0
1349.94;-1.76923e-08;0
1362.83;-1.8032e-08;0
1375.86;-1.83782e-08;0
1389;-1.87311e-08;0
1402.27;-1.90907e-08;0
1415.67;-1.94572e-08;0
1429.2;-1.98308e-08;0
1442.85;-2.02116e-08;0
1456.64;-2.05996e-08;0
1470.55;-2.09951e-08;0
1484.6;-2.13982e-08;0
1498.79;-2.18091e-08;0
1513.11;-2.22278e-08;0
1527.56;-2.26546e-08;0
1542.16;-2.30896e-08;0
1556.89;-2.35329e-08;0
1571.77;-2.39847e-08;0
1586.79;-2.44452e-08;0
1601.95;-2.49146e-08;0
1617.25;-2.53929e-08;0
1632.7;-2.58805e-08;0
1648.3;-2.63774e-08;0
1664.05;-2.68838e-08;0
1679.95;-2.74e-08;0
1696;-2.79261e-08;0
1712.21;-2.84622e-08;0
1728.56;-2.90087e-08;0
1745.08;-2.95657e-08;0
1761.75;-3.01333e-08;0
1778.59;-3.07119e-08;0
1795.58;-3.13016e-08;0
1812.73;-3.19026e-08;0
1830.05;-3.25151e-08;0
1847.54;-3.31394e-08;0
1865.19;-3.37756e-08;0
1883.01;-3.44241e-08;0
1901;-3.50851e-08;0
1919.17;-3.57587e-08;0
1937.5;-3.64453e-08;0
1956.01;-3.7145e-08;0
1974.7;-3.78582e-08;0
1993.57;-3.85851e-08;0
2012.62;-3.93259e-08;0
2031.85;-4.0081e-08;0
2051.26;-4.08505e-08;0
2070.86;-4.16349e-08;0
2090.64;-4.24342e-08;0
2110.62;-4.3249e-08;0
2130.78;-4.40793e-08;0
2151.14;-4.49257e-08;0
2171.69;-4.57883e-08;0
2192.44;-4.66674e-08;0
2213.39;-4.75634e-08;0
2234.54;-4.84766e-08;0
2255.89;-4.94074e-08;0
2277.44;-5.0356e-08;0
2299.2;-5.13228e-08;0
2321.17;-5.23082e-08;0
2343.34;-5.33125e-08;0
2365.73;-5.43361e-08;0
2388.34;-5.53794e-08;0
2411.16;-5.64427e-08;0
2434.19;-5.75264e-08;0
2457.45;-5.86309e-08;0
2480.93;-5.97566e-08;0
2504.63;-6.09039e-08;0
2528.56;-6.20733e-08;0
2552.72;-6.32651e-08;0
2577.11;-6.44797e-08;0
2601.73;-6.57178e-08;0
2626.59;-6.69795e-08;0
2651.69;-6.82655e-08;0
2677.02;-6.95762e-08;0
2702.6;-7.09121e-08;0
2728.42;-7.22736e-08;0
2754.49;-7.36612e-08;0
2780.81;-7.50755e-08;0
2807.37;-7.6517e-08;0
2834.2;-7.79861e-08;0
2861.28;-7.94834e-08;0
2888.61;-8.10095e-08;0
2916.21;-8.25649e-08;0
2944.08;-8.41502e-08;0
2972.2;-8.57658e-08;0
3000.6;-8.74125e-08;0
3029.27;-8.90909e-08;0
3058.21;-9.08014e-08;0
3087.43;-9.25448e-08;0
3116.93;-9.43216e-08;0
3146.71;-9.61326e-08;0
3176.78;-9.79784e-08;0
3207.13;-9.98595e-08;0
3237.77;-1.01777e-07;0
3268.7;-1.03731e-07;0
3299.93;-1.05723e-07;0
3331.46;-1.07752e-07;0
3363.29;-1.09821e-07;0
3395.43;-1.1193e-07;0
3427.87;-1.14079e-07;0
3460.62;-1.16269e-07;0
3493.68;-1.18502e-07;0
3527.06;-1.20777e-07;0
3560.76;-1.23096e-07;0
3594.78;-1.25459e-07;0
3629.13;-1.27868e-07;0
3663.8;-1.30323e-07;0
3698.81;-1.32825e-07;0
3734.15;-1.35375e-07;0
3769.82;-1.37975e-07;0
3805.84;-1.40624e-07;0
3842.21;-1.43324e-07;0
3878.91;-1.46076e-07;0
3915.98;-1.4888e-07;0
3953.39;-1.51739e-07;0
3991.16;-1.54652e-07;0
4029.29;-1.57621e-07;0
4067.79;-1.60648e-07;0
4106.66;-1.63732e-07;0
4145.89;-1.66876e-07;0
4185.51;-1.7008e-07;0
4225.49;-1.73345e-07;0
4265.87;-1.76674e-07;0
4306.62;-1.80066e-07;0
4347.77;-1.83523e-07;0
4389.31;-1.87047e-07;0
4431.25;-1.90638e-07;0
4473.59;-1.94298e-07;0
4516.33;-1.98029e-07;0
4559.48;-2.01831e-07;0
4603.04;-2.05706e-07;0
4647.02;-2.09655e-07;0
4691.42;-2.13681e-07;0
4736.24;-2.17784e-07;0
4781.49;-2.21965e-07;0
4827.18;-2.26227e-07;0
4873.3;-2.3057e-07;0
4919.86;-2.34997e-07;0
4966.87;-2.39509e-07;0
5014.32;-2.44108e-07;0
5062.23;-2.48795e-07;0
5110.6;-2.53571e-07;0
5159.42;-2.5844e-07;0
5208.72;-2.63402e-07;0
5258.49;-2.68459e-07;0
5308.73;-2.73614e-07;0
5359.45;-2.78867e-07;0
5410.65;-2.84221e-07;0
5462.35;-2.89678e-07;0
5514.54;-2.9524e-07;0
5567.23;-3.00909e-07;0
5620.42;-3.06686e-07;0
5674.12;-3.12575e-07;0
5728.33;-3.18576e-07;0
5783.06;-3.24693e-07;0
5838.31;-3.30927e-07;0
5894.09;-3.3728e-07;0
5950.41;-3.43756e-07;0
6007.26;-3.50356e-07;0
6064.66;-3.57083e-07;0
6122.6;-3.63939e-07;0
6181.1;-3.70927e-07;0
6240.15;-3.78049e-07;0
6299.77;-3.85307e-07;0
6359.96;-3.92705e-07;0
6420.73;-4.00245e-07;0
6482.08;-4.0793e-07;0
6544.01;-4.15762e-07;0
6606.53;-4.23744e-07;0
6669.65;-4.3188e-07;0
6733.38;-4.40172e-07;0
6797.71;-4.48624e-07;0
6862.66;-4.57237e-07;0
6928.23;-4.66016e-07;0
6994.42;-4.74964e-07;0
7061.25;-4.84083e-07;0
7128.71;-4.93377e-07;0
7196.82;-5.0285e-07;0
7265.58;-5.12505e-07;0
7335;-5.22345e-07;0
7405.08;-5.32374e-07;0
7475.83;-5.42596e-07;0
7547.26;-5.53013e-07;0
7619.37;-5.63631e-07;0
7692.17;-5.74453e-07;0
7765.66;-5.85482e-07;0
7839.86;-5.96724e-07;0
7914.76;-6.08181e-07;0
7990.38;-6.19858e-07;0
8066.72;-6.31759e-07;0
8143.8;-6.43889e-07;0
8221.61;-6.56251e-07;0
8300.16;-6.68851e-07;0
8379.46;-6.81693e-07;0
8459.52;-6.94782e-07;0
8540.35;-7.08122e-07;0
8621.94;-7.21717e-07;0
8704.32;-7.35574e-07;0
8787.48;-7.49697e-07;0
8871.44;-7.64092e-07;0
8956.2;-7.78762e-07;0
9041.77;-7.93714e-07;0
9128.16;-8.08954e-07;0
9215.38;-8.24485e-07;0
9303.42;-8.40316e-07;0
9392.31;-8.5645e-07;0
9482.05;-8.72893e-07;0
9572.64;-8.89653e-07;0
9664.1;-9.06734e-07;0
9756.44;-9.24144e-07;0
9849.65;-9.41887e-07;0
9943.76;-9.59971e-07;0
10038.8;-9.78403e-07;0
10134.7;-9.97188e-07;0
10231.5;-1.01633e-06;0
10329.3;-1.03585e-06;0
10428;-1.05574e-06;0
10527.6;-1.07601e-06;0
10628.2;-1.09667e-06;0
10729.7;-1.11772e-06;0
10832.2;-1.13918e-06;0
10935.7;-1.16105e-06;0
11040.2;-1.18335e-06;0
11145.7;-1.20607e-06;0
11252.2;-1.22922e-06;0
11359.7;-1.25282e-06;0
11468.2;-1.27688e-06;0
11577.8;-1.30139e-06;0
11688.4;-1.32638e-06;0
11800.1;-1.35185e-06;0
11912.8;-1.3778e-06;0
12026.7;-1.40426e-06;0
12141.6;-1.43122e-06;0
12257.6;-1.4587e-06;0
12374.7;-1.4867e-06;0
12492.9;-1.51525e-06;0
12612.3;-1.54434e-06;0
12732.8;-1.57399e-06;0
12854.4;-1.60421e-06;0
12977.2;-1.63501e-06;0
13101.2;-1.66641e-06;0
13226.4;-1.6984e-06;0
13352.8;-1.73101e-06;0
13480.3;-1.76425e-06;0
13609.1;-1.79812e-06;0
13739.2;-1.83264e-06;0
13870.4;-1.86783e-06;0
14003;-1.90369e-06;0
14136.8;-1.94024e-06;0
14271.8;-1.97749e-06;0
14408.2;-2.01546e-06;0
14545.8;-2.05416e-06;0
14684.8;-2.0936e-06;0
14825.1;-2.1338e-06;0
14966.8;-2.17476e-06;0
15109.8;-2.21652e-06;0
15254.1;-2.25908e-06;0
15399.9;-2.30245e-06;0
15547;-2.34666e-06;0
15695.5;-2.39171e-06;0
15845.5;-2.43763e-06;0
15996.9;-2.48444e-06;0
16149.7;-2.53214e-06;0
16304;-2.58076e-06;0
16459.8;-2.63031e-06;0
16617.1;-2.68081e-06;0
16775.8;-2.73228e-06;0
16936.1;-2.78474e-06;0
17097.9;-2.83821e-06;0
17261.3;-2.8927e-06;0
17426.2;-2.94824e-06;0
17592.7;-3.00484e-06;0
17760.8;-3.06254e-06;0
17930.5;-3.12134e-06;0
18101.8;-3.18127e-06;0
18274.8;-3.24235e-06;0
18449.4;-3.3046e-06;0
18625.6;-3.36805e-06;0
18803.6;-3.43271e-06;0
18983.2;-3.49862e-06;0
19164.6;-3.5658e-06;0
19347.7;-3.63426e-06;0
19532.6;-3.70404e-06;0
19719.2;-3.77515e-06;0
19907.6;-3.84764e-06;0
20097.8;-3.92151e-06;0
20289.8;-3.9968e-06;0
20483.7;-4.07354e-06;0
20679.4;-4.15175e-06;0
20877;-4.23147e-06;0
21076.4;-4.31271e-06;0
21277.8;-4.39552e-06;0
21481.1;-4.47991e-06;0
21686.3;-4.56592e-06;0
21893.5;-4.65359e-06;0
22102.7;-4.74294e-06;0
22313.9;-4.834e-06;0
22527.1;-4.92681e-06;0
22742.3;-5.02141e-06;0
22959.6;-5.11782e-06;0
23179;-5.21608e-06;0
23400.4;-5.31623e-06;0
23624;-5.4183e-06;0
23849.7;-5.52233e-06;0
24077.6;-5.62836e-06;0
24307.6;-5.73642e-06;0
24539.9;-5.84656e-06;0
24774.3;-5.95882e-06;0
25011;-6.07322e-06;0
25250;-6.18983e-06;0
25491.2;-6.30867e-06;0
25734.8;-6.4298e-06;0
25980.7;-6.55325e-06;0
26228.9;-6.67907e-06;0
26479.5;-6.80731e-06;0
26732.5;-6.93801e-06;0
26987.9;-7.07122e-06;0
27245.8;-7.20699e-06;0
27506.1;-7.34536e-06;0
27768.9;-7.48639e-06;0
28034.2;-7.63013e-06;0
28302;-7.77663e-06;0
28572.5;-7.92594e-06;0
28845.4;-8.07811e-06;0
29121;-8.23321e-06;0
29399.3;-8.39129e-06;0
29680.2;-8.5524e-06;0
29963.7;-8.71661e-06;0
30250;-8.88396e-06;0
30539;-9.05454e-06;0
30830.8;-9.22838e-06;0
31125.4;-9.40557e-06;0
31422.8;-9.58615e-06;0
31723;-9.77021e-06;0
32026.1;-9.95779e-06;0
32332.1;-1.0149e-05;0
32641;-1.03438e-05;0
32952.9;-1.05424e-05;0
33267.7;-1.07449e-05;0
33585.5;-1.09512e-05;0
33906.4;-1.11614e-05;0
34230.4;-1.13757e-05;0
34557.4;-1.15941e-05;0
34887.6;-1.18167e-05;0
35220.9;-1.20436e-05;0
35557.5;-1.22748e-05;0
35897.2;-1.25105e-05;0
36240.2;-1.27507e-05;0
36586.4;-1.29955e-05;0
36936;-1.3245e-05;0
37288.9;-1.34993e-05;0
37645.1;-1.37585e-05;0
38004.8;-1.40227e-05;0
38367.9;-1.42919e-05;0
38734.5;-1.45663e-05;0
39104.6;-1.4846e-05;0
39478.2;-1.5131e-05;0
39855.4;-1.54216e-05;0
40236.2;-1.57177e-05;0
40620.6;-1.60194e-05;0
41008.7;-1.6327e-05;0
41400.5;-1.66405e-05;0
41796.1;-1.696e-05;0
42195.4;-1.72856e-05;0
42598.6;-1.76175e-05;0
43005.6;-1.79557e-05;0
43416.5;-1.83005e-05;0
43831.3;-1.86518e-05;0
44250;-1.901e-05;0
44672.8;-1.93749e-05;0
45099.6;-1.97469e-05;0
45530.5;-2.01261e-05;0
45965.6;-2.05125e-05;0
46404.7;-2.09063e-05;0
46848.1;-2.13077e-05;0
47295.7;-2.17168e-05;0
47747.6;-2.21338e-05;0
48203.8;-2.25588e-05;0
48664.3;-2.29919e-05;0
49129.3;-2.34333e-05;0
49598.7;-2.38832e-05;0
50072.6;-2.43418e-05;0
50551;-2.48091e-05;0
51034;-2.52855e-05;0
51521.6;-2.57709e-05;0
52013.8;-2.62657e-05;0
52510.8;-2.677e-05;0
53012.5;-2.7284e-05;0
53519;-2.78079e-05;0
54030.3;-2.83418e-05;0
54546.5;-2.88859e-05;0
55067.7;-2.94405e-05;0
55593.8;-3.00058e-05;0
56125;-3.05819e-05;0
56661.2;-3.1169e-05;0
57202.6;-3.17675e-05;0
57749.1;-3.23774e-05;0
58300.9;-3.2999e-05;0
58857.9;-3.36326e-05;0
59420.3;-3.42783e-05;0
59988;-3.49365e-05;0
60561.1;-3.56072e-05;0
61139.7;-3.62909e-05;0
61723.9;-3.69877e-05;0
62313.6;-3.76978e-05;0
62909;-3.84216e-05;0
63510;-3.91593e-05;0
64116.8;-3.99111e-05;0
64729.4;-4.06774e-05;0
65347.9;-4.14584e-05;0
65972.2;-4.22544e-05;0
66602.6;-4.30656e-05;0
67238.9;-4.38925e-05;0
67881.3;-4.47352e-05;0
68529.9;-4.55941e-05;0
69184.6;-4.64695e-05;0
69845.7;-4.73617e-05;0
70513;-4.8271e-05;0
71186.7;-4.91978e-05;0
71866.8;-5.01424e-05;0
72553.5;-5.11051e-05;0
73246.7;-5.20863e-05;0
73946.5;-5.30863e-05;0
74653;-5.41055e-05;0
75366.3;-5.51443e-05;0
76086.3;-5.62031e-05;0
76813.3;-5.72822e-05;0
77547.2;-5.8382e-05;0
78288.1;-5.95029e-05;0
79036.1;-6.06453e-05;0
79791.2;-6.18096e-05;0
80553.6;-6.29963e-05;0
81323.2;-6.42058e-05;0
82100.2;-6.54386e-05;0
82884.6;-6.66949e-05;0
83676.5;-6.79754e-05;0
84476;-6.92805e-05;0
85283.1;-7.06107e-05;0
86098;-7.19664e-05;0
86920.6;-7.33481e-05;0
87751;-7.47563e-05;0
88589.4;-7.61916e-05;0
89435.8;-7.76544e-05;0
90290.3;-7.91453e-05;0
91153;-8.06649e-05;0
92023.9;-8.22136e-05;0
92903.1;-8.3792e-05;0
93790.8;-8.54008e-05;0
94686.9;-8.70404e-05;0
95591.6;-8.87115e-05;0
96504.9;-9.04147e-05;0
97426.9;-9.21506e-05;0
98357.8;-9.39198e-05;0
99297.5;-9.5723e-05;0
100246;-9.75608e-05;0
101204;-9.94339e-05;0
102171;-0.000101343;0
103147;-0.000103289;0
104133;-0.000105272;0
105128;-0.000107293;0
106132;-0.000109353;0
107146;-0.000111452;0
108170;-0.000113592;0
109203;-0.000115773;0
110247;-0.000117996;0
111300;-0.000120261;0
112363;-0.00012257;0
113437;-0.000124923;0
114521;-0.000127321;0
115615;-0.000129766;0
116719;-0.000132257;0
117835;-0.000134796;0
118960;-0.000137384;0
120097;-0.000140022;0
121245;-0.00014271;0
122403;-0.00014545;0
123572;-0.000148243;0
124753;-0.000151089;0
125945;-0.000153989;0
127148;-0.000156946;0
128363;-0.000159959;0
129590;-0.00016303;0
130828;-0.00016616;0
132078;-0.00016935;0
133340;-0.000172601;0
134614;-0.000175915;0
135900;-0.000179292;0
137198;-0.000182734;0
138509;-0.000186243;0
139832;-0.000189818;0
141168;-0.000193462;0
142517;-0.000197176;0
143879;-0.000200962;0
145253;-0.00020482;0
146641;-0.000208752;0
148042;-0.00021276;0
149457;-0.000216845;0
150885;-0.000221008;0
152326;-0.00022525;0
153782;-0.000229575;0
155251;-0.000233982;0
156734;-0.000238474;0
158232;-0.000243052;0
159744;-0.000247719;0
161270;-0.000252474;0
162811;-0.000257321;0
164366;-0.000262261;0
165937;-0.000267296;0
167522;-0.000272428;0
169123;-0.000277658;0
170738;-0.000282988;0
172370;-0.000288421;0
174017;-0.000293958;0
175679;-0.000299601;0
177358;-0.000305353;0
179052;-0.000311215;0
180763;-0.000317189;0
182490;-0.000323278;0
184234;-0.000329484;0
185994;-0.00033581;0
187771;-0.000342256;0
189565;-0.000348826;0
191376;-0.000355523;0
193205;-0.000362348;0
195051;-0.000369304;0
196914;-0.000376393;0
198795;-0.000383619;0
200695;-0.000390983;0
202612;-0.000398489;0
204548;-0.000406139;0
206503;-0.000413935;0
208475;-0.000421881;0
210467;-0.00042998;0
212478;-0.000438234;0
214508;-0.000446646;0
216558;-0.00045522;0
218627;-0.000463959;0
220716;-0.000472865;0
222824;-0.000481942;0
224953;-0.000491194;0
227103;-0.000500622;0
229273;-0.000510232;0
231463;-0.000520027;0
233675;-0.000530009;0
235907;-0.000540183;0
238161;-0.000550552;0
240437;-0.00056112;0
242734;-0.000571891;0
245053;-0.000582868;0
247394;-0.000594057;0
249758;-0.00060546;0
252144;-0.000617081;0
254553;-0.000628926;0
256985;-0.000640998;0
259441;-0.000653302;0
261920;-0.000665842;0
264422;-0.000678623;0
266948;-0.000691648;0
269499;-0.000704924;0
272074;-0.000718454;0
274673;-0.000732244;0
277298;-0.000746299;0
279947;-0.000760623;0
282622;-0.000775223;0
285322;-0.000790102;0
288048;-0.000805267;0
290800;-0.000820723;0
293579;-0.000836475;0
296383;-0.000852529;0
299215;-0.000868892;0
302074;-0.000885568;0
304960;-0.000902565;0
307874;-0.000919887;0
310815;-0.000937542;0
313785;-0.000955536;0
316783;-0.000973875;0
319810;-0.000992565;0
322865;-0.00101161;0
325950;-0.00103103;0
329064;-0.00105082;0
332208;-0.00107098;0
335382;-0.00109154;0
338587;-0.00111248;0
341822;-0.00113383;0
345087;-0.00115559;0
348385;-0.00117777;0
351713;-0.00120037;0
355074;-0.00122341;0
358466;-0.00124688;0
361891;-0.00127081;0
365349;-0.0012952;0
368839;-0.00132005;0
372363;-0.00134538;0
375921;-0.0013712;0
379513;-0.00139751;0
383139;-0.00142432;0
386799;-0.00145165;0
390495;-0.00147951;0
394226;-0.0015079;0
397992;-0.00153683;0
401795;-0.00156632;0
405634;-0.00159637;0
409509;-0.001627;0
413422;-0.00165822;0
417372;-0.00169003;0
421360;-0.00172246;0
425385;-0.0017555;0
429450;-0.00178918;0
433553;-0.00182351;0
437695;-0.00185849;0
441877;-0.00189415;0
446099;-0.00193049;0
450361;-0.00196752;0
454664;-0.00200527;0
459008;-0.00204373;0
463393;-0.00208294;0
467821;-0.0021229;0
472291;-0.00216362;0
476803;-0.00220512;0
481359;-0.00224742;0
485958;-0.00229053;0
490601;-0.00233446;0
495288;-0.00237924;0
500020;-0.00242487;0
504798;-0.00247138;0
509621;-0.00251878;0
514490;-0.00256709;0
519405;-0.00261633;0
524368;-0.0026665;0
529378;-0.00271764;0
534436;-0.00276976;0
539542;-0.00282288;0
544697;-0.00287701;0
549901;-0.00293218;0
555155;-0.00298841;0
560459;-0.00304571;0
565814;-0.00310411;0
571220;-0.00316363;0
576678;-0.00322429;0
582187;-0.00328611;0
587750;-0.00334911;0
593365;-0.00341333;0
599035;-0.00347877;0
604758;-0.00354546;0
610536;-0.00361343;0
616369;-0.0036827;0
622258;-0.00375329;0
628203;-0.00382524;0
634206;-0.00389856;0
640265;-0.00397329;0
646382;-0.00404945;0
652558;-0.00412706;0
658793;-0.00420616;0
665087;-0.00428678;0
671442;-0.00436893;0
677857;-0.00445266;0
684333;-0.00453798;0
690872;-0.00462494;0
697472;-0.00471357;0
704136;-0.00480388;0
710864;-0.00489593;0
717656;-0.00498973;0
724512;-0.00508533;0
731435;-0.00518275;0
738423;-0.00528204;0
745478;-0.00538323;0
752601;-0.00548635;0
759791;-0.00559144;0
767051;-0.00569853;0
774379;-0.00580768;0
781778;-0.00591891;0
789247;-0.00603226;0
796788;-0.00614778;0
804401;-0.00626551;0
812086;-0.00638548;0
819845;-0.00650775;0
827679;-0.00663235;0
835586;-0.00675933;0
843570;-0.00688873;0
851630;-0.0070206;0
859766;-0.00715499;0
867981;-0.00729194;0
876274;-0.00743151;0
884646;-0.00757374;0
893098;-0.00771868;0
901631;-0.00786639;0
910246;-0.00801692;0
918943;-0.00817031;0
927723;-0.00832663;0
936586;-0.00848593;0
945535;-0.00864827;0
954569;-0.0088137;0
963689;-0.00898228;0
972896;-0.00915407;0
982192;-0.00932914;0
991576;-0.00950754;0
1.00105e+06;-0.00968934;0
1.01061e+06;-0.0098746;0
1.02027e+06;-0.0100634;0
1.03002e+06;-0.0102558;0
1.03986e+06;-0.0104518;0
1.04979e+06;-0.0106516;0
1.05982e+06;-0.0108552;0
1.06995e+06;-0.0110626;0
1.08017e+06;-0.011274;0
1.09049e+06;-0.0114894;0
1.10091e+06;-0.0117089;0
1.11143e+06;-0.0119326;0
1.12205e+06;-0.0121605;0
1.13277e+06;-0.0123928;0
1.14359e+06;-0.0126295;0
1.15452e+06;-0.0128706;0
1.16555e+06;-0.0131164;0
1.17669e+06;-0.0133668;0
1.18793e+06;-0.013622;0
1.19928e+06;-0.013882;0
1.21074e+06;-0.0141469;0
1.2223e+06;-0.0144169;0
1.23398e+06;-0.014692;0
1.24577e+06;-0.0149723;0
1.25768e+06;-0.0152579;0
1.26969e+06;-0.0155489;0
1.28182e+06;-0.0158455;0
1.29407e+06;-0.0161476;0
1.30643e+06;-0.0164555;0
1.31892e+06;-0.0167692;0
1.33152e+06;-0.0170889;0
1.34424e+06;-0.0174146;0
1.35708e+06;-0.0177464;0
1.37005e+06;-0.0180845;0
1.38314e+06;-0.0184291;0
1.39635e+06;-0.0187801;0
1.40969e+06;-0.0191377;0
1.42316e+06;-0.0195022;0
1.43676e+06;-0.0198735;0
1.45049e+06;-0.0202518;0
1.46435e+06;-0.0206372;0
1.47834e+06;-0.0210299;0
1.49246e+06;-0.02143;0
1.50672e+06;-0.0218377;0
1.52112e+06;-0.022253;0
1.53565e+06;-0.0226762;0
1.55032e+06;-0.0231073;0
1.56513e+06;-0.0235466;0
1.58009e+06;-0.0239941;0
1.59518e+06;-0.02445;0
1.61043e+06;-0.0249145;0
1.62581e+06;-0.0253877;0
1.64135e+06;-0.0258698;0
1.65703e+06;-0.026361;0
1.67286e+06;-0.0268613;0
1.68884e+06;-0.0273711;0
1.70498e+06;-0.0278904;0
1.72127e+06;-0.0284195;0
1.73771e+06;-0.0289584;0
1.75432e+06;-0.0295075;0
1.77108e+06;-0.0300668;0
1.788e+06;-0.0306366;0
1.80508e+06;-0.031217;0
1.82233e+06;-0.0318083;0
1.83974e+06;-0.0324106;0
1.85732e+06;-0.0330242;0
1.87506e+06;-0.0336492;0
1.89298e+06;-0.0342859;0
1.91106e+06;-0.0349344;0
1.92932e+06;-0.035595;0
1.94776e+06;-0.0362679;0
1.96637e+06;-0.0369533;0
1.98515e+06;-0.0376515;0
2.00412e+06;-0.0383626;0
2.02327e+06;-0.0390869;0
2.0426e+06;-0.0398247;0
2.06212e+06;-0.0405761;0
2.08182e+06;-0.0413415;0
2.10171e+06;-0.042121;0
2.12179e+06;-0.042915;0
2.14206e+06;-0.0437236;0
2.16253e+06;-0.0445472;0
2.18319e+06;-0.045386;0
2.20405e+06;-0.0462403;0
2.22511e+06;-0.0471103;0
2.24636e+06;-0.0479963;0
2.26783e+06;-0.0488986;0
2.28949e+06;-0.0498175;0
2.31137e+06;-0.0507533;0
2.33345e+06;-0.0517063;0
2.35575e+06;-0.0526767;0
2.37826e+06;-0.053665;0
2.40098e+06;-0.0546713;0
2.42392e+06;-0.055696;0
2.44708e+06;-0.0567395;0
2.47046e+06;-0.057802;0
2.49406e+06;-0.0588838;0
2.51789e+06;-0.0599854;0
2.54195e+06;-0.061107;0
2.56623e+06;-0.062249;0
2.59075e+06;-0.0634118;0
2.6155e+06;-0.0645956;0
2.64049e+06;-0.0658009;0
2.66572e+06;-0.067028;0
2.69119e+06;-0.0682773;0
2.7169e+06;-0.0695491;0
2.74286e+06;-0.0708439;0
2.76907e+06;-0.072162;0
2.79553e+06;-0.0735038;0
2.82223e+06;-0.0748697;0
2.8492e+06;-0.0762601;0
2.87642e+06;-0.0776754;0
2.9039e+06;-0.079116;0
2.93165e+06;-0.0805824;0
2.95966e+06;-0.0820749;0
2.98794e+06;-0.0835941;0
3.01648e+06;-0.0851402;0
3.0453e+06;-0.0867138;0
3.0744e+06;-0.0883153;0
3.10377e+06;-0.0899452;0
3.13343e+06;-0.0916038;0
3.16337e+06;-0.0932918;0
3.19359e+06;-0.0950094;0
3.2241e+06;-0.0967573;0
3.25491e+06;-0.0985359;0
3.28601e+06;-0.100346;0
3.3174e+06;-0.102187;0
3.3491e+06;-0.10406;0
3.3811e+06;-0.105967;0
3.4134e+06;-0.107906;0
3.44601e+06;-0.109879;0
3.47894e+06;-0.111886;0
3.51218e+06;-0.113928;0
3.54573e+06;-0.116005;0
3.57961e+06;-0.118118;0
3.61381e+06;-0.120267;0
3.64834e+06;-0.122453;0
3.6832e+06;-0.124676;0
3.71839e+06;-0.126937;0
3.75391e+06;-0.129237;0
3.78978e+06;-0.131575;0
3.82599e+06;-0.133954;0
3.86254e+06;-0.136372;0
3.89945e+06;-0.138831;0
3.9367e+06;-0.141331;0
3.97432e+06;-0.143873;0
4.01229e+06;-0.146458;0
4.05062e+06;-0.149086;0
4.08932e+06;-0.151757;0
4.12839e+06;-0.154473;0
4.16784e+06;-0.157233;0
4.20766e+06;-0.160038;0
4.24786e+06;-0.16289;0
4.28845e+06;-0.165788;0
4.32942e+06;-0.168734;0
4.37078e+06;-0.171727;0
4.41254e+06;-0.174768;0
4.4547e+06;-0.177859;0
4.49726e+06;-0.180999;0
4.54023e+06;-0.18419;0
4.58361e+06;-0.187431;0
4.62741e+06;-0.190723;0
4.67162e+06;-0.194068;0
4.71625e+06;-0.197465;0
4.76131e+06;-0.200915;0
4.8068e+06;-0.204419;0
4.85273e+06;-0.207978;0
4.89909e+06;-0.211591;0
4.9459e+06;-0.21526;0
4.99316e+06;-0.218986;0
5.04086e+06;-0.222768;0
5.08903e+06;-0.226607;0
5.13765e+06;-0.230504;0
5.18673e+06;-0.234459;0
5.23629e+06;-0.238473;0
5.28632e+06;-0.242547;0
5.33683e+06;-0.246681;0
5.38782e+06;-0.250876;0
5.43929e+06;-0.255131;0
5.49126e+06;-0.259448;0
5.54373e+06;-0.263827;0
5.59669e+06;-0.268269;0
5.65017e+06;-0.272773;0
5.70415e+06;-0.277341;0
5.75865e+06;-0.281973;0
5.81367e+06;-0.286669;0
5.86922e+06;-0.291429;0
5.92529e+06;-0.296255;0
5.9819e+06;-0.301146;0
6.03906e+06;-0.306103;0
6.09676e+06;-0.311126;0
6.15501e+06;-0.316215;0
6.21381e+06;-0.32137;0
6.27318e+06;-0.326593;0
6.33312e+06;-0.331882;0
6.39363e+06;-0.337239;0
6.45472e+06;-0.342663;0
6.51639e+06;-0.348154;0
6.57865e+06;-0.353713;0
6.6415e+06;-0.35934;0
6.70496e+06;-0.365034;0
6.76902e+06;-0.370796;0
6.83369e+06;-0.376625;0
6.89898e+06;-0.382521;0
6.9649e+06;-0.388485;0
7.03144e+06;-0.394516;0
7.09862e+06;-0.400614;0
7.16645e+06;-0.406779;0
7.23492e+06;-0.413009;0
7.30404e+06;-0.419305;0
7.37383e+06;-0.425667;0
7.44428e+06;-0.432094;0
7.5154e+06;-0.438585;0
7.58721e+06;-0.445139;0
7.6597e+06;-0.451757;0
7.73288e+06;-0.458436;0
7.80677e+06;-0.465177;0
7.88135e+06;-0.471979;0
7.95666e+06;-0.47884;0
8.03268e+06;-0.48576;0
8.10942e+06;-0.492737;0
8.1869e+06;-0.49977;0
8.26512e+06;-0.506858;0
8.34409e+06;-0.514;0
8.42381e+06;-0.521194;0
8.5043e+06;-0.528438;0
8.58555e+06;-0.535731;0
8.66758e+06;-0.543071;0
8.75039e+06;-0.550457;0
8.834e+06;-0.557886;0
8.9184e+06;-0.565356;0
9.00361e+06;-0.572865;0
9.08963e+06;-0.580412;0
9.17648e+06;-0.587992;0
9.26415e+06;-0.595605;0
9.35267e+06;-0.603247;0
9.44203e+06;-0.610915;0
9.53224e+06;-0.618607;0
9.62331e+06;-0.62632;0
9.71526e+06;-0.63405;0
9.80808e+06;-0.641795;0
9.90179e+06;-0.64955;0
9.99639e+06;-0.657312;0
1.00919e+07;-0.665078;0
1.01883e+07;-0.672843;0
1.02857e+07;-0.680604;0
1.03839e+07;-0.688356;0
1.04832e+07;-0.696095;0
1.05833e+07;-0.703817;0
1.06844e+07;-0.711516;0
1.07865e+07;-0.719188;0
1.08896e+07;-0.726827;0
1.09936e+07;-0.734429;0
1.10986e+07;-0.741988;0
1.12047e+07;-0.749498;0
1.13117e+07;-0.756954;0
1.14198e+07;-0.76435;0
1.15289e+07;-0.771679;0
1.16391e+07;-0.778934;0
1.17503e+07;-0.786111;0
1.18625e+07;-0.7932;0
1.19759e+07;-0.800196;0
1.20903e+07;-0.807091;0
1.22058e+07;-0.813878;0
1.23224e+07;-0.820549;0
1.24402e+07;-0.827096;0
1.2559e+07;-0.833511;0
1.2679e+07;-0.839786;0
1.28002e+07;-0.845911;0
1.29225e+07;-0.851879;0
1.30459e+07;-0.85768;0
1.31706e+07;-0.863304;0
1.32964e+07;-0.868743;0
1.34234e+07;-0.873986;0
1.35517e+07;-0.879024;0
1.36812e+07;-0.883846;0
1.38119e+07;-0.888442;0
1.39439e+07;-0.892802;0
1.40771e+07;-0.896913;0
1.42116e+07;-0.900765;0
1.43474e+07;-0.904347;0
1.44844e+07;-0.907647;0
1.46228e+07;-0.910654;0
1.47625e+07;-0.913355;0
1.49036e+07;-0.915737;0
1.5046e+07;-0.91779;0
1.51897e+07;-0.9195;0
1.53349e+07;-0.920853;0
1.54814e+07;-0.921839;0
1.56293e+07;-0.922442;0
1.57786e+07;-0.922651;0
1.59294e+07;-0.922452;0
1.60816e+07;-0.921831;0
1.62352e+07;-0.920774;0
1.63903e+07;-0.919269;0
1.65469e+07;-0.917302;0
1.6705e+07;-0.914858;0
1.68646e+07;-0.911925;0
1.70258e+07;-0.908489;0
1.71884e+07;-0.904536;0
1.73527e+07;-0.900053;0
1.75185e+07;-0.895027;0
1.76858e+07;-0.889445;0
1.78548e+07;-0.883294;0
1.80254e+07;-0.876562;0
1.81976e+07;-0.869237;0
1.83715e+07;-0.861308;0
1.8547e+07;-0.852762;0
1.87242e+07;-0.843591;0
1.89031e+07;-0.833785;0
1.90837e+07;-0.823333;0
1.92661e+07;-0.812229;0
1.94501e+07;-0.800465;0
1.9636e+07;-0.788036;0
1.98236e+07;-0.774936;0
2.0013e+07;-0.761163;0
2.02042e+07;-0.746713;0
2.03972e+07;-0.731588;0
2.05921e+07;-0.715789;0
2.07888e+07;-0.69932;0
2.09875e+07;-0.682185;0
2.1188e+07;-0.664395;0
2.13904e+07;-0.645958;0
2.15948e+07;-0.62689;0
2.18011e+07;-0.607206;0
2.20094e+07;-0.586928;0
2.22197e+07;-0.566078;0
2.2432e+07;-0.544684;0
2.26463e+07;-0.522778;0
2.28627e+07;-0.500395;0
2.30811e+07;-0.477578;0
2.33017e+07;-0.454372;0
2.35243e+07;-0.430827;0
2.3749e+07;-0.407001;0
2.3976e+07;-0.382957;0
2.4205e+07;-0.358764;0
2.44363e+07;-0.334498;0
2.46698e+07;-0.31024;0
2.49055e+07;-0.28608;0
2.51434e+07;-0.262115;0
2.53837e+07;-0.238448;0
2.56262e+07;-0.215191;0
2.5871e+07;-0.192461;0
2.61182e+07;-0.170384;0
2.63677e+07;-0.149094;0
2.66197e+07;-0.128728;0
2.6874e+07;-0.109433;0
2.71308e+07;-0.0913589;0
2.739e+07;-0.0746628;0
2.76517e+07;-0.0595042;0
2.79159e+07;-0.046046;0
2.81826e+07;-0.0344524;0
2.84518e+07;-0.0248878;0
2.87237e+07;-0.017515;0
2.89981e+07;-0.0124931;0
2.92752e+07;-0.00997539;0
2.95549e+07;-0.0101074;0
2.98373e+07;-0.0130243;0
3.01223e+07;-0.0188481;0
3.04101e+07;-0.0276855;0
3.07007e+07;-0.0396245;0
3.0994e+07;-0.0547324;0
3.12901e+07;-0.0730528;0
3.15891e+07;-0.0946028;0
3.18909e+07;-0.119371;0
3.21956e+07;-0.147314;0
3.25032e+07;-0.178358;0
3.28138e+07;-0.212392;0
3.31273e+07;-0.249269;0
3.34438e+07;-0.288806;0
3.37633e+07;-0.330781;0
3.40859e+07;-0.374935;0
3.44116e+07;-0.420971;0
3.47404e+07;-0.468551;0
3.50723e+07;-0.517304;0
3.54074e+07;-0.566819;0
3.57457e+07;-0.616654;0
3.60872e+07;-0.666329;0
3.6432e+07;-0.715336;0
3.67801e+07;-0.763134;0
3.71315e+07;-0.809156;0
3.74862e+07;-0.852809;0
3.78444e+07;-0.893476;0
3.8206e+07;-0.93052;0
3.8571e+07;-0.96329;0
3.89395e+07;-0.991118;0
3.93116e+07;-1.01333;0
3.96872e+07;-1.02926;0
4.00663e+07;-1.03823;0
4.04492e+07;-1.03961;0
4.08356e+07;-1.03276;0
4.12258e+07;-1.01713;0
4.16197e+07;-0.992226;0
4.20173e+07;-0.957659;0
4.24188e+07;-0.913186;0
4.2824e+07;-0.85876;0
4.32332e+07;-0.794592;0
4.36463e+07;-0.721229;0
4.40633e+07;-0.639649;0
4.44843e+07;-0.551371;0
4.49093e+07;-0.458571;0
4.53384e+07;-0.364197;0
4.57715e+07;-0.272067;0
4.62089e+07;-0.186899;0
4.66504e+07;-0.114247;0
4.70961e+07;-0.0602713;0
4.7546e+07;-0.0312952;0
4.80003e+07;-0.0331282;0
4.84589e+07;-0.070178;0
4.89219e+07;-0.144472;0
4.93893e+07;-0.254766;0
4.98612e+07;-0.39594;0
5.03376e+07;-0.55883;0
5.08185e+07;-0.730533;0
5.13041e+07;-0.895168;0
5.17943e+07;-1.03513;0
5.22891e+07;-1.1332;0
5.27887e+07;-1.1769;0
5.32931e+07;-1.16804;0
5.38023e+07;-1.14425;0
5.43163e+07;-1.22044;0
5.48353e+07;-1.63481;0
5.53592e+07;-2.6969;0
5.58881e+07;-4.53919;0
5.64221e+07;-6.96676;0
5.69611e+07;-9.67021;0
5.75054e+07;-12.4391;0
5.80548e+07;-15.1789;0
5.86095e+07;-17.8615;0
5.91694e+07;-20.4885;0
5.97348e+07;-23.0736;0
6.03055e+07;-25.6351;0
6.08817e+07;-28.1939;0
6.14634e+07;-30.7732;0
6.20506e+07;-33.3996;0
6.26435e+07;-36.1052;0
6.3242e+07;-38.9322;0
6.38462e+07;-41.9394;0
6.44562e+07;-45.2176;0
6.5072e+07;-48.9226;0
6.56938e+07;-53.3662;0
6.63214e+07;-59.3543;0
6.69551e+07;-70.7299;0
6.75948e+07;-71.1745;0
6.82406e+07;-63.4407;0
6.88926e+07;-60.5581;0
6.95508e+07;-59.1651;0
7.02154e+07;-58.5182;0
7.08862e+07;-58.331;0
7.15635e+07;-58.4661;0
7.22472e+07;-58.85;0
7.29375e+07;-59.4421;0
7.36344e+07;-60.2224;0
7.43379e+07;-61.1855;0
7.50482e+07;-62.339;0
7.57652e+07;-63.7054;0
7.64891e+07;-65.3279;0
7.72199e+07;-67.2834;0
7.79577e+07;-69.7148;0
7.87025e+07;-72.9187;0
7.94544e+07;-77.6718;0
8.02136e+07;-87.6107;0
8.098e+07;-87.7482;0
8.17537e+07;-78.642;0
8.25348e+07;-74.6039;0
8.33233e+07;-72.0889;0
8.41194e+07;-70.3267;0
8.49232e+07;-69.0181;0
8.57345e+07;-68.0152;0
8.65537e+07;-67.2339;0
8.73806e+07;-66.6218;0
8.82155e+07;-66.144;0
8.90583e+07;-65.7762;0
8.99092e+07;-65.5011;0
9.07683e+07;-65.3056;0
9.16355e+07;-65.1798;0
9.2511e+07;-65.1164;0
9.33949e+07;-65.1095;0
9.42872e+07;-65.1546;0
9.51881e+07;-65.2486;0
9.60975e+07;-65.3888;0
9.70157e+07;-65.5736;0
9.79426e+07;-65.802;0
9.88784e+07;-66.0736;0
9.98231e+07;-66.3887;0
1.00777e+08;-66.7481;0
1.0174e+08;-67.1536;0
1.02712e+08;-67.6075;0
1.03693e+08;-68.1132;0
1.04684e+08;-68.6751;0
1.05684e+08;-69.2992;0
1.06694e+08;-69.9933;0
1.07713e+08;-70.7676;0
1.08742e+08;-71.6361;0
1.09781e+08;-72.6177;0
1.1083e+08;-73.7393;0
1.11889e+08;-75.0402;0
1.12958e+08;-76.581;0
1.14037e+08;-78.4624;0
1.15127e+08;-80.8698;0
1.16227e+08;-84.2059;0
1.17337e+08;-89.6657;0
1.18458e+08;-107.402;0
1.1959e+08;-92.3493;0
1.20733e+08;-85.6347;0
1.21886e+08;-81.925;0
1.23051e+08;-79.3604;0
1.24226e+08;-77.4063;0
1.25413e+08;-75.8333;0
1.26612e+08;-74.5214;0
1.27821e+08;-73.4;0
1.29043e+08;-72.4239;0
1.30275e+08;-71.5624;0
1.3152e+08;-70.7939;0
1.32777e+08;-70.1022;0
1.34045e+08;-69.4751;0
1.35326e+08;-68.9034;0
1.36619e+08;-68.3794;0
1.37924e+08;-67.8972;0
1.39242e+08;-67.4517;0
1.40572e+08;-67.039;0
1.41916e+08;-66.6556;0
1.43271e+08;-66.2985;0
1.4464e+08;-65.9653;0
1.46022e+08;-65.6538;0
1.47417e+08;-65.3621;0
1.48826e+08;-65.0887;0
1.50248e+08;-64.8321;0
1.51683e+08;-64.5909;0
1.53133e+08;-64.3642;0
1.54596e+08;-64.1508;0
1.56073e+08;-63.9499;0
1.57564e+08;-63.7606;0
1.59069e+08;-63.5823;0
1.60589e+08;-63.4141;0
1.62123e+08;-63.2556;0
1.63672e+08;-63.1062;0
1.65236e+08;-62.9653;0
1.66815e+08;-62.8325;0
1.68409e+08;-62.7073;0
1.70018e+08;-62.5894;0
1.71642e+08;-62.4784;0
1.73282e+08;-62.3739;0
1.74938e+08;-62.2756;0
1.76609e+08;-62.1833;0
1.78296e+08;-62.0966;0
1.8e+08;-62.0153;0
